,DAMGO,morphine,met-enkephalin,endomorphin-1,b-endorphin,TRV130
Monkey JNK,1,2.167420525,0.125414941,9.474944542,18.57363681,0.079890491
Human JNK,1,2.914842704,2.656255053,12.4538587,7.430160467,0.28084454
Monkey NFKB,-1,-0.812551474,-1.120588577,-0.018828549,-4.542009103,-0.002114171
Human NFKB,-1,-0.377430685,-0.091483938,-0.575641144,-0.132964415,-0.001668098
