ligand,cAMP,NFkB,JNK
DAMGO,1,1,1
morphine,0.404718288,0.3692,1.260058882
b-endo,0.029191105,0.116295674,0.576043068
Met-enke,2.431677851,1.055058107,0.325063291
endomorphin-1,1.150222223,0.01,3.481561819
TRV-130,1.166516419,0.01,0.173490069
